interval_seconds,ycsb_ops,kmeans_ops,bank_ops,total_ops_interval,cpu_utilization,memory_utilization,core_count,threads_per_core,evict_threshold,cache_hit,sst_count,total_ops_cumulative,request_total,memory_utilization_normalized
5,0,396,0,312,64.63,86.44,2,1,386000,213045,0,1562,396,1.0
5,0,400,0,381,65.53,86.36,2,1,386000,441156,0,3471,400,1.0
5,0,400,0,360,65.8,86.29,2,1,386000,665063,0,5275,400,1.0
5,0,396,0,359,65.13,86.31,2,1,386000,890388,0,7072,396,1.0
5,0,400,0,390,65.52,86.21,2,1,386000,1116948,0,9025,400,1.0
5,0,400,0,410,65.53,86.24,2,1,386000,1347588,0,11077,400,1.0
5,0,400,0,388,65.22,86.14,2,1,386000,1573474,0,13017,400,1.0
5,0,396,0,371,65.47,86.22,2,1,386000,1792015,0,14876,396,1.0
5,0,400,0,402,64.9,86.22,2,1,386000,2020340,0,16886,400,1.0
5,0,400,0,374,65.06,86.24,2,1,386000,2242533,0,18757,400,1.0
5,0,396,0,364,65.36,86.26,2,1,386000,2461825,0,20581,396,1.0
5,0,400,0,363,65.19,86.39,2,1,386000,2686384,0,22399,400,1.0
5,0,400,0,372,65.43,86.41,2,1,386000,2911434,0,24262,400,1.0
5,0,400,0,388,43.39,86.39,3,1,386000,3138294,0,26206,400,1.0
5,0,396,0,385,59.48,86.35,3,1,386000,3365636,0,28134,396,1.0
5,0,400,0,371,60.13,86.23,3,1,386000,3589006,0,29996,400,1.0
5,0,400,0,382,59.77,86.21,3,1,386000,3815190,0,31907,400,1.0
5,0,400,0,345,59.92,86.04,3,1,386000,4034235,0,33634,400,1.0
5,0,396,0,379,60.03,86.03,3,1,386000,4267778,0,35529,396,1.0
5,0,400,0,353,60.26,86.09,3,1,386000,4485346,0,37298,400,1.0
5,0,400,0,366,59.5,86.03,3,1,386000,4708437,0,39131,400,1.0
5,0,396,0,407,59.12,86.18,3,1,386000,4935774,0,41172,396,1.0
5,0,400,0,388,60.0,86.14,3,1,386000,5160777,0,43113,400,1.0
5,0,400,0,378,59.65,86.18,3,1,386000,5385999,0,45005,400,1.0
5,0,400,0,349,59.49,86.16,3,1,386000,5605403,0,46752,400,1.0
5,0,396,0,402,44.89,86.06,4,1,386000,5835323,0,48764,396,1.0
5,0,400,0,354,57.01,86.07,4,1,386000,6058304,0,50536,400,1.0
5,0,400,0,373,56.33,85.93,4,1,386000,6285939,0,52402,400,1.0
5,0,400,0,390,56.57,85.96,4,1,386000,6510474,0,54352,400,1.0
5,0,396,0,352,56.76,85.94,4,1,386000,6730106,0,56112,396,1.0
5,0,400,0,404,56.57,86.06,4,1,386000,6957266,0,58136,400,1.0
5,0,400,0,383,57.02,86.03,4,1,386000,7182590,0,60051,400,1.0
5,0,400,0,396,57.09,86.02,4,1,386000,7408924,0,62033,400,1.0
5,0,396,0,381,56.01,86.03,4,1,386000,7631000,0,63940,396,1.0
5,0,400,0,388,56.94,85.89,4,1,386000,7857980,0,65883,400,1.0
5,0,400,0,381,56.16,85.96,4,1,386000,8087631,0,67792,400,1.0
5,0,400,0,386,57.46,85.97,4,1,386000,8311191,0,69726,400,1.0
5,0,396,0,406,45.19,85.92,5,1,386000,8541351,0,71757,396,1.0
5,0,400,0,361,55.16,85.89,5,1,386000,8765430,0,73562,400,1.0
5,0,400,0,403,53.56,85.98,5,1,386000,8993073,0,75578,400,1.0
5,0,396,0,366,54.54,86.04,5,1,386000,9210398,0,77411,396,1.0
5,0,400,0,408,54.93,86.1,5,1,386000,9441966,0,79451,400,1.0
5,0,400,0,371,54.26,85.98,5,1,386000,9665950,0,81309,400,1.0
5,0,400,0,371,54.72,86.06,5,1,386000,9888090,0,83164,400,1.0
5,0,396,0,381,54.73,86.01,5,1,386000,10113102,0,85072,396,1.0
5,0,400,0,396,54.49,86.1,5,1,386000,10338842,0,87054,400,1.0
5,0,400,0,393,54.19,86.17,5,1,386000,10566546,0,89023,400,1.0
5,0,396,0,354,54.32,86.14,5,1,386000,10785655,0,90797,396,1.0
5,0,400,0,398,54.02,86.09,5,1,386000,11014255,0,92789,400,1.0
5,0,400,0,384,44.79,86.19,6,1,386000,11237741,0,94710,400,1.0
5,0,396,0,362,50.23,86.19,6,1,386000,11456721,0,96525,396,1.0
5,0,400,0,415,50.53,86.31,6,1,386000,11687222,0,98599,400,1.0
5,0,400,0,367,50.36,86.29,6,1,386000,11906465,0,100435,400,1.0
5,0,400,0,387,50.26,86.39,6,1,386000,12129863,0,102372,400,1.0
5,0,396,0,371,50.1,86.34,6,1,386000,12354236,0,104227,396,1.0
5,0,400,0,402,50.34,85.81,6,1,386000,12580940,0,106239,400,1.0
5,0,400,0,364,50.12,85.79,6,1,386000,12800482,0,108063,400,1.0
5,0,396,0,382,50.08,85.84,6,1,386000,13025495,0,109975,396,1.0
5,0,400,0,397,50.2,85.75,6,1,386000,13253975,0,111963,400,1.0
5,0,400,0,349,51.27,86.41,6,1,386000,13468705,0,113711,400,1.0
5,0,396,0,396,49.99,86.41,6,1,386000,13699327,0,115694,396,1.0
5,0,400,0,380,43.29,86.41,7,1,386000,13921447,0,117597,400,1.0
5,0,400,0,367,45.99,85.76,7,1,386000,14143961,0,119433,400,1.0
5,0,396,0,369,46.58,86.41,7,1,386000,14368949,0,121281,396,1.0
5,0,400,0,411,46.82,86.39,7,1,386000,14602049,0,123336,400,1.0
5,0,400,0,389,46.73,86.29,7,1,386000,14830140,0,125283,400,1.0
5,0,396,0,390,47.21,86.25,7,1,386000,15054671,0,127235,396,1.0
5,0,400,0,358,46.96,86.21,7,1,386000,15278975,0,129029,400,1.0
5,0,400,0,395,46.79,86.26,7,1,386000,15504643,0,131002,400,1.0
5,0,400,0,404,46.08,86.31,7,1,386000,15732163,0,133023,400,1.0
5,0,396,0,385,46.84,86.16,7,1,386000,15959551,0,134948,396,1.0
5,0,400,0,371,46.24,86.07,7,1,386000,16183650,0,136803,400,1.0
5,0,400,0,324,46.43,86.13,7,1,386000,16398152,0,138426,400,1.0
5,0,396,0,382,40.69,86.09,8,1,386000,16620872,0,140337,396,1.0
5,0,400,0,384,41.34,86.12,8,1,386000,16843694,0,142257,400,1.0
5,0,400,0,386,41.28,86.14,8,1,386000,17070843,0,144187,400,1.0
5,0,396,0,398,41.89,86.16,8,1,386000,17298155,0,146179,396,1.0
5,0,400,0,368,41.35,86.05,8,1,386000,17520892,0,148021,400,1.0
5,0,396,0,379,41.98,86.08,8,1,386000,17745950,0,149918,396,1.0
5,0,400,0,357,41.93,85.9,8,1,386000,17969053,0,151753,400,1.0
5,0,400,0,399,41.33,85.85,8,1,386000,18195139,0,153699,400,1.0
5,0,396,0,384,41.5,85.85,8,1,386000,18419583,0,155622,396,1.0
5,0,400,0,366,41.43,85.81,8,1,386000,18642157,0,157481,400,1.0
5,0,400,0,397,41.42,85.9,8,1,386000,18868978,0,159441,400,1.0
5,0,400,0,352,41.44,85.94,8,1,386000,19089528,0,161205,400,1.0
5,0,396,0,371,36.63,85.84,9,1,386000,19312410,0,163061,396,1.0
5,0,400,0,387,38.38,86.39,9,1,386000,19542287,0,164998,400,1.0
5,0,396,0,377,37.79,86.38,9,1,386000,19765398,0,166883,396,1.0
5,0,400,0,351,37.72,86.4,9,1,386000,19987758,0,168642,400,1.0
5,0,400,0,370,38.09,86.43,9,1,386000,20210909,0,170492,400,1.0
5,0,396,0,338,38.27,85.8,9,1,386000,20426340,0,172185,396,1.0
5,0,400,0,409,37.88,85.93,9,1,386000,20654865,0,174234,400,1.0
5,0,396,0,369,38.01,85.99,9,1,386000,20876172,0,176080,396,1.0
5,0,400,0,384,38.0,86.04,9,1,386000,21099680,0,178002,400,1.0
5,0,400,0,398,37.94,86.02,9,1,386000,21327027,0,179995,400,1.0
5,0,396,0,371,37.89,86.18,9,1,386000,21547833,0,181851,396,1.0
5,0,400,0,366,38.58,86.21,9,1,386000,21765818,0,183685,400,1.0
5,0,396,0,392,34.63,86.24,10,1,386000,21990584,0,185649,396,1.0
5,0,400,0,406,35.19,86.19,10,1,386000,22223122,0,187681,400,1.0
5,0,396,0,379,35.08,86.11,10,1,386000,22444954,0,189580,396,1.0
5,0,400,0,418,35.04,86.22,10,1,386000,22676722,0,191671,400,1.0
5,0,400,0,337,34.62,86.18,10,1,386000,22894495,0,193356,400,1.0
5,0,396,0,387,35.36,86.15,10,1,386000,23123614,0,195294,396,1.0
5,0,400,0,360,34.96,86.04,10,1,386000,23347377,0,197097,400,1.0
5,0,396,0,396,34.71,86.09,10,1,386000,23572377,0,199078,396,1.0
5,0,400,0,401,35.29,85.99,10,1,386000,23802850,0,201090,400,1.0
5,0,400,0,374,34.38,85.91,10,1,386000,24029022,0,202956,400,1.0
5,0,396,0,402,34.8,86.07,10,1,386000,24254987,0,204970,396,1.0
5,0,400,0,387,34.63,86.04,10,1,386000,24478554,0,206909,400,1.0
5,0,396,0,362,31.27,86.02,11,1,386000,24698991,0,208720,396,1.0
5,0,400,0,407,32.46,85.97,11,1,386000,24932771,0,210755,400,1.0
5,0,396,0,368,32.16,85.9,11,1,386000,25154159,0,212595,396,1.0
5,0,400,0,397,32.01,85.9,11,1,386000,25381427,0,214581,400,1.0
5,0,400,0,378,31.97,85.89,11,1,386000,25605294,0,216474,400,1.0
5,0,396,0,372,31.98,85.94,11,1,386000,25828808,0,218339,396,1.0
5,0,400,0,375,31.81,86.05,11,1,386000,26049590,0,220216,400,1.0
5,0,396,0,378,32.14,86.06,11,1,386000,26273886,0,222106,396,1.0
5,0,400,0,375,31.89,86.01,11,1,386000,26497786,0,223984,400,1.0
5,0,396,0,377,31.33,86.06,11,1,386000,26718772,0,225873,396,1.0
5,0,400,0,335,31.94,85.99,11,1,386000,26935086,0,227549,400,1.0
5,0,400,0,392,31.66,85.94,11,1,386000,27165218,0,229511,400,1.0
5,0,396,0,395,29.31,86.01,12,1,386000,27392819,0,231488,396,1.0
5,0,400,0,353,29.02,85.95,12,1,386000,27609928,0,233254,400,1.0
5,0,396,0,421,28.17,86.01,12,1,386000,27842678,0,235361,396,1.0
5,0,400,0,385,29.33,85.97,12,1,386000,28066324,0,237289,400,1.0
5,0,396,0,374,29.03,86.07,12,1,386000,28286200,0,239163,396,1.0
5,0,400,0,377,29.63,86.04,12,1,386000,28514054,0,241051,400,1.0
5,0,396,0,362,29.35,85.92,12,1,386000,28738607,0,242863,396,1.0
5,0,400,0,396,29.0,85.81,12,1,386000,28970661,0,244845,400,1.0
5,0,400,0,361,29.54,86.44,12,1,386000,29194077,0,246650,400,1.0
5,0,396,0,372,28.85,85.86,12,1,386000,29413692,0,248514,396,1.0
5,0,400,0,382,29.01,85.97,12,1,386000,29638690,0,250425,400,1.0
5,0,396,0,352,29.46,85.99,12,1,386000,29857160,0,252187,396,1.0
5,0,400,0,369,27.3,85.89,13,1,386000,30081831,0,254037,400,1.0
5,0,400,0,388,26.72,85.94,13,1,386000,30309230,0,255976,400,1.0
5,0,396,0,359,27.23,85.91,13,1,386000,30528552,0,257775,396,1.0
5,0,400,0,339,27.26,85.92,13,1,386000,30748423,0,259471,400,1.0
5,0,396,0,398,27.13,85.87,13,1,386000,30976867,0,261461,396,1.0
5,0,400,0,383,26.81,85.84,13,1,386000,31201061,0,263380,400,1.0
5,0,396,0,365,26.59,85.84,13,1,386000,31423405,0,265205,396,1.0
5,0,400,0,359,26.97,85.79,13,1,386000,31647997,0,267003,400,1.0
5,0,396,0,403,27.28,85.79,13,1,386000,31875722,0,269018,396,1.0
5,0,400,0,385,26.86,85.9,13,1,386000,32097325,0,270943,400,1.0
5,0,400,0,385,26.07,85.92,13,1,386000,32320337,0,272868,400,1.0
5,0,396,0,358,27.26,85.89,13,1,386000,32543251,0,274664,396,1.0
5,0,400,0,397,25.04,85.92,14,1,386000,32774774,0,276648,400,1.0
5,0,396,0,369,24.59,85.93,14,1,386000,32995448,0,278493,396,1.0
5,0,400,0,332,24.68,86.03,14,1,386000,33212757,0,280156,400,1.0
5,0,396,0,377,24.72,86.11,14,1,386000,33434316,0,282041,396,1.0
5,0,400,0,376,24.82,86.06,14,1,386000,33662395,0,283925,400,1.0
5,0,396,0,381,24.86,86.08,14,1,386000,33883666,0,285834,396,1.0
5,0,400,0,352,24.83,86.04,14,1,386000,34112426,0,287595,400,1.0
5,0,396,0,366,24.8,86.01,14,1,386000,34334796,0,289429,396,1.0
5,0,400,0,369,24.92,86.13,14,1,386000,34559889,0,291276,400,1.0
5,0,396,0,379,24.87,85.99,14,1,386000,34784061,0,293171,396,1.0
5,0,400,0,398,24.8,86.12,14,1,386000,35009121,0,295161,400,1.0
5,0,400,0,378,25.1,86.19,14,1,386000,35234601,0,297053,400,1.0
5,0,396,0,374,22.86,86.16,15,1,386000,35461009,0,298925,396,1.0
5,0,400,0,391,23.34,86.09,15,1,386000,35687170,0,300884,400,1.0
5,0,396,0,358,23.48,86.0,15,1,386000,35909618,0,302676,396,1.0
5,0,400,0,392,22.69,86.08,15,1,386000,36136778,0,304637,400,1.0
5,0,396,0,380,23.36,86.04,15,1,386000,36361615,0,306541,396,1.0
5,0,400,0,368,23.31,86.01,15,1,386000,36586776,0,308383,400,1.0
5,0,396,0,365,22.99,86.05,15,1,386000,36808793,0,310208,396,1.0
5,0,400,0,335,23.21,86.16,15,1,386000,37021891,0,311885,400,1.0
5,0,396,0,383,23.26,86.11,15,1,386000,37246246,0,313800,396,1.0
5,0,400,0,401,23.28,86.16,15,1,386000,37475288,0,315805,400,1.0
5,0,396,0,358,23.22,86.06,15,1,386000,37695163,0,317596,396,1.0
5,0,400,0,379,23.39,86.11,15,1,386000,37921063,0,319493,400,1.0
5,0,396,0,357,21.71,86.08,16,1,386000,38139305,0,321281,396,1.0
5,0,400,0,377,22.27,86.21,16,1,386000,38361338,0,323166,400,1.0
5,0,396,0,403,21.78,86.11,16,1,386000,38590752,0,325186,396,1.0
5,0,400,0,377,22.05,86.14,16,1,386000,38814173,0,327072,400,1.0
5,0,396,0,395,21.97,86.12,16,1,386000,39040013,0,329051,396,1.0
5,0,400,0,397,22.58,86.09,16,1,386000,39267593,0,331036,400,1.0
5,0,396,0,387,22.17,86.03,16,1,386000,39493241,0,332975,396,1.0
5,0,400,0,358,21.81,86.12,16,1,386000,39714368,0,334765,400,1.0
5,0,396,0,360,21.95,86.21,16,1,386000,39929194,0,336566,396,1.0
5,0,400,0,355,22.27,86.17,16,1,386000,40149616,0,338345,400,1.0
5,0,396,0,368,21.6,86.13,16,1,386000,40370220,0,340185,396,1.0
5,0,400,0,398,22.3,86.14,16,1,386000,40599042,0,342178,400,1.0
5,0,396,0,365,20.86,86.04,17,1,386000,40820118,0,344005,396,1.0
5,0,400,0,368,21.83,85.98,17,1,386000,41044290,0,345846,400,1.0
5,0,396,0,359,22.18,85.98,17,1,386000,41267124,0,347645,396,1.0
5,0,400,0,346,22.25,85.96,17,1,386000,41486258,0,349378,400,1.0
5,0,396,0,366,21.97,86.0,17,1,386000,41708060,0,351212,396,1.0
5,0,400,0,347,22.19,86.01,17,1,386000,41926373,0,352951,400,1.0
5,0,396,0,403,21.74,85.95,17,1,386000,42155453,0,354970,396,1.0
5,0,400,0,407,22.33,86.04,17,1,386000,42384353,0,357008,400,1.0
5,0,396,0,384,22.12,85.94,17,1,386000,42608063,0,358931,396,1.0
5,0,400,0,378,22.0,86.0,17,1,386000,42830721,0,360822,400,1.0
5,0,396,0,386,22.19,86.02,17,1,386000,43054804,0,362756,396,1.0
5,0,400,0,340,22.19,86.0,17,1,386000,43271021,0,364457,400,1.0
5,0,400,0,422,20.88,86.01,18,1,386000,43504658,0,366571,400,1.0
5,0,396,0,381,22.81,86.0,18,1,386000,43729664,0,368480,396,1.0
5,0,400,0,347,22.59,85.98,18,1,386000,43948368,0,370218,400,1.0
5,0,396,0,373,22.21,86.0,18,1,386000,44170785,0,372086,396,1.0
5,0,400,0,360,22.48,86.04,18,1,386000,44393056,0,373889,400,1.0
5,0,396,0,358,22.87,85.91,18,1,386000,44611228,0,375679,396,1.0
5,0,400,0,406,22.62,86.0,18,1,386000,44838729,0,377712,400,1.0
5,0,396,0,362,22.2,86.08,18,1,386000,45062229,0,379525,396,1.0
5,0,396,0,364,22.45,86.16,18,1,386000,45280483,0,381347,396,1.0
5,0,400,0,345,22.66,86.14,18,1,386000,45501666,0,383074,400,1.0
5,0,396,0,383,22.24,86.16,18,1,386000,45727596,0,384990,396,1.0
5,0,400,0,340,22.88,86.03,18,1,386000,45948600,0,386690,400,1.0
5,0,396,0,382,21.42,85.91,19,1,386000,46174771,0,388603,396,1.0
5,0,400,0,360,22.3,85.94,19,1,386000,46394520,0,390403,400,1.0
5,0,396,0,383,22.18,85.98,19,1,386000,46619543,0,392321,396,1.0
5,0,400,0,352,22.79,86.01,19,1,386000,46838347,0,394078,400,1.0
5,0,396,0,389,22.54,86.09,19,1,386000,47064398,0,396029,396,1.0
5,0,400,0,398,23.01,86.04,19,1,386000,47292478,0,398019,400,1.0
5,0,396,0,358,22.37,86.1,19,1,386000,47511228,0,399809,396,1.0
5,0,400,0,350,22.92,86.23,19,1,386000,47724975,0,401562,400,1.0
5,0,396,0,400,23.23,86.16,19,1,386000,47953953,0,403564,396,1.0
5,0,400,0,390,23.11,86.14,19,1,386000,48180640,0,405514,400,1.0
5,0,396,0,384,22.94,86.05,19,1,386000,48408125,0,407438,396,1.0
5,0,400,0,377,22.54,86.06,19,1,386000,48631153,0,409326,400,1.0
5,0,396,0,357,21.35,86.03,20,1,386000,48849297,0,411112,396,1.0
5,0,400,0,350,22.4,86.04,20,1,386000,49066525,0,412863,400,1.0
5,0,396,0,388,22.31,86.11,20,1,386000,49290444,0,414803,396,1.0
5,0,400,0,338,22.79,86.04,20,1,386000,49514547,0,416494,400,1.0
5,0,396,0,319,22.7,85.97,20,1,386000,49733880,0,418093,396,1.0
5,0,400,0,377,22.36,85.86,20,1,386000,49959267,0,419979,400,1.0
5,0,396,0,386,22.71,85.98,20,1,386000,50180427,0,421911,396,1.0
5,0,400,0,403,22.38,86.09,20,1,386000,50407649,0,423928,400,1.0
5,0,396,0,331,22.69,86.08,20,1,386000,50624679,0,425583,396,1.0
5,0,400,0,347,22.96,86.12,20,1,386000,50841691,0,427318,400,1.0
5,0,396,0,384,22.52,86.19,20,1,386000,51066823,0,429240,396,1.0
5,0,400,0,328,22.84,86.06,20,1,386000,51285037,0,430883,400,1.0
5,0,396,0,395,21.55,85.96,21,1,386000,51514107,0,432861,396,1.0
5,0,400,0,334,21.24,85.95,21,1,386000,51730219,0,434532,400,1.0
5,0,396,0,401,21.56,85.85,21,1,386000,51962629,0,436541,396,1.0
5,0,396,0,342,21.4,85.77,21,1,386000,52176686,0,438252,396,1.0
5,0,400,0,381,21.52,86.4,21,1,386000,52406494,0,440160,400,1.0
5,0,396,0,375,21.61,85.77,21,1,386000,52626166,0,442037,396,1.0
5,0,400,0,387,21.7,85.78,21,1,386000,52849906,0,443973,400,1.0
5,0,396,0,371,21.34,85.9,21,1,386000,53074943,0,445830,396,1.0
5,0,400,0,402,21.2,85.82,21,1,386000,53306368,0,447841,400,1.0
5,0,396,0,394,21.86,85.79,21,1,386000,53533016,0,449815,396,1.0
5,0,400,0,348,21.66,85.76,21,1,386000,53750922,0,451559,400,1.0
5,0,396,0,384,21.36,86.41,21,1,386000,53976752,0,453483,396,1.0
5,0,400,0,323,20.32,86.44,22,1,386000,54188908,0,455095,400,1.0
5,0,396,0,356,21.1,85.84,22,1,386000,54411343,0,456875,396,1.0
5,0,400,0,350,21.04,85.79,22,1,386000,54627885,0,458625,400,1.0
5,0,396,0,386,21.34,85.84,22,1,386000,54850570,0,460561,396,1.0
5,0,400,0,378,20.5,86.05,22,1,386000,55071946,0,462450,400,1.0
5,0,396,0,397,21.57,85.96,22,1,386000,55299759,0,464438,396,1.0
5,0,400,0,346,21.13,85.91,22,1,386000,55519775,0,466170,400,1.0
5,0,396,0,377,21.14,85.92,22,1,386000,55741849,0,468055,396,1.0
5,0,400,0,348,21.01,85.89,22,1,386000,55960224,0,469796,400,1.0
5,0,396,0,393,21.13,85.88,22,1,386000,56185979,0,471763,396,1.0
5,0,396,0,360,20.79,85.97,22,1,386000,56403612,0,473567,396,1.0
5,0,400,0,390,21.89,85.89,22,1,386000,56633983,0,475523,400,1.0
5,0,396,0,379,19.99,85.8,23,1,386000,56855681,0,477418,396,1.0
5,0,400,0,385,20.57,85.81,23,1,386000,57079567,0,479349,400,1.0
5,0,396,0,335,20.51,85.86,23,1,386000,57291545,0,481025,396,1.0
5,0,400,0,365,20.92,85.84,23,1,386000,57517020,0,482851,400,1.0
5,0,396,0,342,20.32,85.98,23,1,386000,57733458,0,484565,396,1.0
5,0,400,0,420,20.89,86.02,23,1,386000,57967038,0,486666,400,1.0
5,0,396,0,384,20.64,86.01,23,1,386000,58190902,0,488589,396,1.0
5,0,400,0,398,20.44,85.97,23,1,386000,58419568,0,490583,400,1.0
5,0,396,0,383,20.44,85.84,23,1,386000,58643428,0,492501,396,1.0
5,0,400,0,352,20.65,85.83,23,1,386000,58861677,0,494263,400,1.0
5,0,396,0,409,20.22,85.89,23,1,386000,59090474,0,496310,396,1.0
5,0,400,0,401,20.56,85.84,23,1,386000,59319734,0,498316,400,1.0
5,0,396,0,360,19.6,85.86,24,1,386000,59538482,0,500120,396,1.0
5,0,400,0,372,20.03,85.87,24,1,386000,59759625,0,501981,400,1.0
5,0,396,0,403,20.51,85.81,24,1,386000,59989006,0,504000,396,1.0
5,0,400,0,396,20.3,85.79,24,1,386000,60216646,0,505982,400,1.0
5,0,396,0,394,19.75,85.87,24,1,386000,60442666,0,507952,396,1.0
5,0,400,0,340,20.25,85.79,24,1,386000,60659834,0,509655,400,1.0
5,0,396,0,366,19.86,85.82,24,1,386000,60881263,0,511486,396,1.0
5,0,400,0,371,20.3,85.84,24,1,386000,61101163,0,513343,400,1.0
5,0,396,0,358,20.11,85.92,24,1,386000,61322509,0,515136,396,1.0
5,0,400,0,377,20.21,86.03,24,1,386000,61544821,0,517024,400,1.0
5,0,396,0,349,20.04,85.91,24,1,386000,61766539,0,518771,396,1.0
5,0,400,0,399,19.92,85.88,24,1,386000,61994959,0,520770,400,1.0
5,0,396,0,397,19.41,85.97,25,1,386000,62221063,0,522756,396,1.0
5,0,400,0,397,19.88,85.92,25,1,386000,62449513,0,524741,400,1.0
5,0,396,0,353,19.68,85.94,25,1,386000,62667391,0,526510,396,1.0
5,0,400,0,363,19.69,85.86,25,1,386000,62887793,0,528325,400,1.0
5,0,400,0,366,19.54,86.01,25,1,386000,63106909,0,530157,400,1.0
5,0,396,0,345,19.94,86.11,25,1,386000,63326995,0,531883,396,1.0
5,0,400,0,367,19.91,86.01,25,1,386000,63549155,0,533718,400,1.0
5,0,396,0,363,19.95,85.9,25,1,386000,63769409,0,535535,396,1.0
5,0,400,0,359,19.53,85.91,25,1,386000,63988276,0,537332,400,1.0
5,0,396,0,370,19.68,85.98,25,1,386000,64211437,0,539184,396,1.0
5,0,400,0,403,19.54,85.94,25,1,386000,64440399,0,541200,400,1.0
5,0,396,0,345,19.85,85.99,25,1,386000,64657045,0,542932,396,1.0
5,0,400,0,413,18.96,86.01,26,1,386000,64888085,0,544998,400,1.0
5,0,396,0,377,19.39,86.03,26,1,386000,65109839,0,546883,396,1.0
5,0,400,0,351,19.08,86.09,26,1,386000,65333256,0,548642,400,1.0
5,0,396,0,387,19.57,86.1,26,1,386000,65556879,0,550581,396,1.0
5,0,400,0,392,19.27,86.06,26,1,386000,65782995,0,552544,400,1.0
5,0,396,0,386,19.26,86.15,26,1,386000,66009356,0,554474,396,1.0
5,0,400,0,368,19.24,86.14,26,1,386000,66231003,0,556316,400,1.0
5,0,396,0,378,19.43,86.11,26,1,386000,66456702,0,558207,396,1.0
5,0,400,0,389,19.14,86.14,26,1,386000,66680068,0,560155,400,1.0
5,0,396,0,391,19.0,86.18,26,1,386000,66908522,0,562111,396,1.0
5,0,400,0,372,19.26,86.09,26,1,386000,67128770,0,563972,400,1.0
5,0,396,0,385,19.23,86.34,26,1,386000,67352173,0,565898,396,1.0
5,0,400,0,360,18.51,86.3,27,1,386000,67575383,0,567700,400,1.0
5,0,396,0,392,18.76,86.38,27,1,386000,67803719,0,569663,396,1.0
5,0,400,0,395,18.74,86.36,27,1,386000,68030283,0,571641,400,1.0
5,0,396,0,366,19.07,86.36,27,1,386000,68250245,0,573475,396,1.0
5,0,400,0,374,19.18,86.29,27,1,386000,68478584,0,575348,400,1.0
5,0,396,0,355,18.49,86.36,27,1,386000,68695744,0,577129,396,1.0
5,0,400,0,385,19.58,86.24,27,1,386000,68925657,0,579054,400,1.0
5,0,396,0,392,18.72,86.33,27,1,386000,69149697,0,581014,396,1.0
5,0,400,0,389,19.3,86.28,27,1,386000,69375561,0,582962,400,1.0
5,0,396,0,329,19.04,86.17,27,1,386000,69587947,0,584610,396,1.0
5,0,400,0,372,19.1,86.11,27,1,386000,69814927,0,586473,400,1.0
5,0,396,0,395,19.1,86.21,27,1,386000,70041702,0,588449,396,1.0
5,0,400,0,381,18.16,86.15,28,1,386000,70265578,0,590356,400,1.0
5,0,396,0,401,18.35,86.26,28,1,386000,70490756,0,592361,396,1.0
5,0,400,0,391,18.72,86.37,28,1,386000,70715011,0,594320,400,1.0
5,0,400,0,378,18.44,86.38,28,1,386000,70936462,0,596211,400,1.0
5,0,396,0,377,18.88,86.39,28,1,386000,71162842,0,598101,396,1.0
5,0,400,0,406,18.37,86.44,28,1,386000,71391082,0,600126,400,1.0
5,0,396,0,394,18.72,85.75,28,1,386000,71616017,0,602097,396,1.0
5,0,400,0,352,18.82,85.82,28,1,386000,71837789,0,603858,400,1.0
5,0,396,0,375,18.97,85.78,28,1,386000,72058446,0,605735,396,1.0
5,0,400,0,393,18.84,85.76,28,1,386000,72284535,0,607701,400,1.0
5,0,396,0,362,18.47,86.41,28,1,386000,72504534,0,609514,396,1.0
5,0,400,0,361,18.42,86.45,28,1,386000,72722802,0,611320,400,1.0
5,0,396,0,395,18.21,86.41,29,1,386000,72948762,0,613295,396,1.0
5,0,400,0,417,18.08,86.45,29,1,386000,73181461,0,615380,400,1.0
5,0,396,0,377,18.49,86.44,29,1,386000,73405257,0,617265,396,1.0
5,0,400,0,392,18.17,86.45,29,1,386000,73630857,0,619225,400,1.0
5,0,396,0,387,18.55,85.81,29,1,386000,73855938,0,621164,396,1.0
5,0,400,0,364,18.26,85.81,29,1,386000,74081201,0,622987,400,1.0
5,0,396,0,350,17.94,85.8,29,1,386000,74302272,0,624739,396,1.0
5,0,400,0,391,18.35,85.96,29,1,386000,74524872,0,626694,400,1.0
5,0,396,0,359,18.41,85.98,29,1,386000,74748090,0,628491,396,1.0
5,0,400,0,366,18.56,85.94,29,1,386000,74972203,0,630319,400,1.0
5,0,396,0,395,18.05,85.98,29,1,386000,75199118,0,632298,396,1.0
5,0,400,0,395,18.51,85.86,29,1,386000,75427324,0,634275,400,1.0
5,0,400,0,365,17.85,85.8,30,1,386000,75650892,0,636101,400,1.0
5,0,396,0,304,17.97,85.91,30,1,386000,75855769,0,637625,396,1.0
5,0,400,0,380,18.45,85.9,30,1,386000,76080845,0,639529,400,1.0
5,0,396,0,397,18.04,85.98,30,1,386000,76309445,0,641516,396,1.0
5,0,400,0,350,18.11,86.06,30,1,386000,76521844,0,643270,400,1.0
5,0,396,0,386,18.5,86.11,30,1,386000,76744298,0,645204,396,1.0
5,0,400,0,399,18.15,86.08,30,1,386000,76972358,0,647199,400,1.0
5,0,396,0,395,18.11,86.16,30,1,386000,77199570,0,649176,396,1.0
5,0,400,0,357,18.19,86.08,30,1,386000,77417678,0,650962,400,1.0
5,0,396,0,421,18.44,86.1,30,1,386000,77650538,0,653068,396,1.0
5,0,400,0,380,18.76,85.94,30,1,386000,77875906,0,654970,400,1.0
5,0,396,0,395,18.34,85.84,30,1,386000,78103203,0,656948,396,1.0
5,0,400,0,389,18.27,85.78,30,1,386000,78330774,0,658896,400,1.0
5,0,396,0,391,18.14,85.78,30,1,386000,78557589,0,660857,396,1.0
5,0,400,0,378,18.83,85.78,30,1,386000,78782440,0,662745,400,1.0
5,0,396,0,360,18.1,86.43,30,1,386000,79002766,0,664550,396,1.0
5,0,400,0,362,18.35,85.79,30,1,386000,79225293,0,666356,400,1.0
5,0,396,0,388,18.16,85.76,30,1,386000,79449387,0,668297,396,1.0
5,0,400,0,368,17.94,85.74,30,1,386000,79674687,0,670138,400,1.0
5,0,396,0,399,18.3,85.79,30,1,386000,79900796,0,672135,396,1.0
5,0,400,0,371,18.08,86.39,30,1,386000,80127228,0,673989,400,1.0
5,0,396,0,384,18.56,86.34,30,1,386000,80356428,0,675911,396,1.0
5,0,400,0,375,18.35,86.19,30,1,386000,80581068,0,677789,400,1.0
5,0,396,0,371,17.87,86.26,30,1,386000,80809467,0,679648,396,1.0
